ClassID,ShipName,Existance,Fate,LaidDown,Launched,Commissioned,Stricken
bb-colorado,USS Colorado,Built,Scrapped,1919-05-29,1921-06-22,1923-08-30,1959-03-01
bb-colorado,USS Maryland,Built,Scrapped,1917-04-24,1920-03-20,1921-07-21,1959-03-01
bb-colorado,USS West Virginia,Built,Scrapped,1920-04-12,1921-11-17,1923-12-01,1959-03-01
bb-colorado,USS Washington,Cancelled,Scrapped,1920-04-12,1921-06-01,,1922-02-01
bb-dalaware,USS Dalaware,Built,Scrapped,1907-11-11,1909-02-06,1910-04-04,1923-11-01
bb-dalaware,USS North Dakota,Built,Target,1907-12-16,1908-11-10,1910-04-11,1924-05-01
bb-florida,USS Florida,Built,Scrapped,1909-03-08,1910-05-12,1911-09-15,1931-04-01
bb-florida,USS Utah,Built,Target,1909-03-09,1909-12-23,1911-08-31,1932-04-01
bb-iowa,USS Iowa,Built,Museum,1940-06-27,1942-08-27,1943-02-22,2006-03-01
bb-iowa,USS New Jersey,Built,Museum,1940-09-16,1942-12-07,1943-05-23,1999-01-01
bb-iowa,USS Missouri,Built,Museum,1941-01-06,1944-01-29,1944-06-11,1995-01-01
bb-iowa,USS Wisconsin,Built,Museum,1941-01-25,1944-01-29,1944-04-16,2006-03-01
bb-iowa,USS Illinois,Cancelled,Scrapped,1942-12-06,,,1958-01-01
bb-iowa,USS Kentucky,Cancelled,Scrapped,1942-03-07,,,1959-01-01
bb-nevada,USS Nevada,Built,Target,1912-11-04,1914-07-11,1916-03-11,1946-02-01
bb-nevada,USS Oklahoma,Built,Sunk,1912-10-26,1914-03-23,1916-05-02,1941-12-07
bb-new-mexico,USS New Mexico,Built,Scrapped,1915-10-14,1917-04-13,1918-05-20,1947-02-01
bb-new-mexico,USS Mississippi,Built,Converted,1915-04-05,1917-01-25,1917-12-18,1945-11-27
bb-new-mexico,USS Idaho,Built,Scrapped,1915-01-20,1917-06-30,1919-03-24,1947-11-01
bb-new-york,USS New York,Built,Target,1911-09-11,1912-10-30,1914-05-15,1948-07-08
bb-new-york,USS Texas,Built,Museum,1911-04-17,1912-05-18,1914-03-12,1948-04-01
bb-north-carolina,USS North Carolina,Built,Museum,1937-10-27,1940-06-13,1941-04-09,1960-06-01
bb-north-carolina,USS Washington,Built,Scrapped,1938-06-14,1940-06-01,1941-05-14,1960-06-01
bb-pennsylvania,USS Pennsylvania,Built,Target,1913-10-27,1915-03-16,1916-06-12,1946-02-01
bb-pennsylvania,USS Arizona,Built,Sunk,1914-03-16,1915-06-19,1916-10-17,1941-12-07
bb-south-carolina,USS South Carolina,Built,Scrapped,1906-12-18,1908-07-11,1910-03-01,1923-11-01
bb-south-carolina,USS Michigan,Built,Scrapped,1906-12-17,1908-05-26,1910-01-04,1923-11-01
bb-south-dakota-1920,USS South Dakota,Cancelled,Scrapped,1920-03-15,,,1922-02-08
bb-south-dakota-1920,USS Indianna,Cancelled,Scrapped,1920-11-01,,,1922-02-08
bb-south-dakota-1920,USS Montana,Cancelled,Scrapped,1920-09-01,,,1922-02-08
bb-south-dakota-1920,USS North Carolina,Cancelled,Scrapped,1920-01-12,,,1922-02-08
bb-south-dakota-1920,USS Iowa,Cancelled,Scrapped,1920-05-17,,,1922-02-08
bb-south-dakota-1920,USS Massachusetts,Cancelled,Scrapped,1921-04-04,,,1922-02-08
bb-south-dakota,USS South Dakota,Built,Scrapped,1939-04-05,1941-06-07,1942-03-20,1962-06-01
bb-south-dakota,USS Indiana,Built,Scrapped,1939-09-20,1941-11-21,1942-04-30,1962-06-01
bb-south-dakota,USS Massachusetts,Built,Museum,1939-07-20,1941-06-23,1942-05-12,1962-06-01
bb-south-dakota,USS Alabama,Built,Museum,1940-02-01,1942-02-16,1942-06-16,1962-06-01
bb-tennessee,USS Tennessee,Built,Scrapped,1917-05-14,1919-04-30,1920-06-03,1959-03-01
bb-tennessee,USS California,Built,Scrapped,1916-10-25,1919-11-20,1921-08-10,1959-03-01
bb-wyoming,USS Wyoming,Built,Converted,1910-02-09,1911-05-25,1912-09-25,1931-07-01
bb-wyoming,USS Arkansas,Built,Target,1910-01-25,1911-01-14,1912-09-17,1946-07-26
bc-lexington,USS Lexington,Cancelled,Converted,1921-01-08,,,1922-07-01
bc-lexington,USS Constellation,Cancelled,Scrapped,1920-08-18,,,1923-08-17
bc-lexington,USS Saratoga,Cancelled,Converted,1920-09-25,,,1922-07-01
bc-lexington,USS Ranger,Cancelled,Scrapped,1921-06-23,,,1923-08-17
bc-lexington,USS Constitution,Cancelled,Scrapped,1920-09-25,,,1923-08-17
bc-lexington,USS United States,Cancelled,Scrapped,1920-09-25,,,1923-08-17
cb-alaska,USS Alaska,Built,Scrapped,1941-12-17,1943-08-15,1944-06-17,1960-06-01
cb-alaska,USS Guam,Built,Scrapped,1942-02-02,1943-11-12,1944-09-17,1960-06-01
cb-alaska,USS Hawaii,Cancelled,Scrapped,1943-12-20,1945-11-03,,1958-06-09
pred-mississippi,USS Mississippi,Built,Sold,1904-05-12,1905-09-30,1908-02-01,1914-07-01
pred-mississippi,USS Idaho,Built,Sold,1904-05-12,1905-12-09,1908-04-01,1914-07-01
pred-vermont,USS Vermont,Built,Scrapped,1904-05-21,1905-08-31,1907-03-04,1923-11-10
pred-vermont,USS Kansas,Built,Scrapped,1904-02-10,1905-08-12,1907-04-18,1923-11-10
pred-vermont,USS Minnesota,Built,Scrapped,1903-10-27,1905-04-08,1907-03-09,1923-11-10
pred-vermont,USS New Hampshire,Built,Scrapped,1905-05-01,1906-06-30,1908-03-19,1923-11-10
pred-connecticut,USS Connecticut,Built,Scrapped,1903-03-10,1904-09-29,1906-09-29,1923-11-01
pred-connecticut,USS Louisiana,Built,Scrapped,1903-02-07,1904-08-27,1906-06-02,1923-11-01
pred-virginia,USS Virginia,Built,Scrapped,1902-05-21,1904-04-05,1906-05-07,1922-07-01
pred-virginia,USS Nebraska,Built,Scrapped,1902-07-04,1904-10-07,1907-07-01,1922-07-12
pred-virginia,USS Georgia,Built,Scrapped,1901-08-31,1904-11-10,1906-09-24,1923-11-10
pred-virginia,USS New Jersey,Built,Scrapped,1902-04-03,1904-10-11,1906-05-12,1922-07-01
pred-virginia,USS Rhode Island,Built,Scrapped,1902-05-01,1904-05-17,1906-02-19,1923-11-01
pred-maine,USS Maine,Built,Scrapped,1899-02-15,1901-07-27,1902-12-29,1921-07-01
pred-maine,USS Missouri,Built,Scrapped,1900-02-07,1901-12-28,1903-12-01,1921-07-01
pred-maine,USS Ohio,Built,Scrapped,1899-04-22,1901-05-18,1904-10-04,1922-05-01
pred-illinois,USS Illinois,Built,Converted,1897-02-10,1898-10-04,1901-09-16,1921-10-01
pred-illinois,USS Alabama,Built,Target,1896-12-02,1898-05-18,1900-10-16,1921-09-01
pred-illinois,USS Wisconsin,Built,Scrapped,1897-02-09,1898-11-26,1901-02-04,1921-07-01
pred-kearsarge,USS Kearsarge,Built,Converted,1896-06-30,1898-03-24,1900-02-20,1920-08-01
pred-kearsarge,USS Kentucky,Built,Scrapped,1896-06-30,1898-03-24,1900-05-15,1922-05-01
pred-iowa,USS Iowa,Built,Target,1893-08-05,1896-03-28,1897-06-16,1921-07-01
pred-indiana,USS Indiana,Built,Target,1891-05-07,1893-02-28,1895-11-20,1920-11-01
pred-indiana,USS Massachusetts,Built,Scrapped,1891-06-25,1893-06-10,1896-06-10,1920-11-01
pred-indiana,USS Oregon,Built,Scrapped,1891-11-19,1893-10-26,1896-07-15,1920-11-01
bt-texas,USS Texas,Built,Target,1889-06-01,1892-01-28,1895-08-15,1911-03-22
bt-maine,USS Maine,Built,Sunk,1888-10-17,1889-11-18,1895-09-17,1898-02-15
bb-vanguard,HMS Vanguard,Built,Scrapped,1941-10-02,1944-11-30,1946-08-09,1960-06-01
bb-lion,HMS Lion,Cancelled,Scrapped,1939-07-04,,,1943-04-01
bb-lion,HMS Temeraire,Cancelled,Scrapped,1939-06-01,,,1943-04-01
bb-king-george-v,HMS King George V,Built,Scrapped,1937-01-01,1939-02-21,1940-12-11,1957-04-01
bb-king-george-v,HMS Prince of Wales,Built,Sunk,1937-01-01,1939-05-03,1941-03-31,1941-12-10
bb-king-george-v,HMS Duke of York,Built,Scrapped,1937-05-05,1940-02-28,1941-11-04,1957-04-01
bb-king-george-v,HMS Anson,Built,Scrapped,1937-07-20,1940-02-24,1942-06-22,1957-04-01
bb-king-george-v,HMS Howe,Built,Scrapped,1937-06-01,1940-04-09,1942-08-29,1957-04-01
bb-nelson,HMS Nelson,Built,Scrapped,1922-12-28,1925-09-03,1927-08-01,1948-02-01
bb-nelson,HMS Rodney,Built,Scrapped,1922-12-28,1925-12-17,1927-11-01,1948-03-01
bc-admiral,HMS Hood,Built,Sunk,1916-09-01,1918-08-22,1920-05-15,1941-05-24
bc-admiral,HMS Rodney,Cancelled,Scrapped,1916-10-09,,,1917-03-01
bc-admiral,HMS Howe,Cancelled,Scrapped,1916-10-16,,,1917-03-01
bc-admiral,HMS Anson,Cancelled,Scrapped,1917-11-09,,,1917-03-01
bc-courageous,HMS Courageous,Built,Converted,1915-03-28,1916-02-05,1917-01-01,1924-06-01
bc-courageous,HMS Glorious,Built,Converted,1915-05-01,1916-04-20,1917-01-01,1924-02-01
bc-renown,HMS Repulse,Built,Sunk,1915-01-25,1916-01-08,1916-08-01,1941-12-10
bc-renown,HMS Renown,Built,Scrapped,1915-01-25,1916-03-04,1916-09-01,1948-03-01
bb-revenge,HMS Royal Oak,Built,Sunk,1914-01-15,1914-11-17,1916-05-01,1939-10-14
bb-revenge,HMS Resolution,Built,Scrapped,1913-11-29,1915-01-14,1916-12-01,1948-05-01
bb-revenge,HMS Royal Sovereign,Built,Sold,1914-01-15,1915-04-29,1916-05-01,1944-08-01
bb-revenge,HMS Revenge,Built,Scrapped,1913-12-22,1915-05-29,1916-03-01,1948-09-01
bb-revenge,HMS Ramillies,Built,Scrapped,1913-11-12,1916-09-12,1917-09-01,1948-03-01
bb-queen-elizabeth,HMS Queen Elizabeth,Built,Scrapped,1912-10-21,1913-10-16,1915-01-01,1948-03-01
bb-queen-elizabeth,HMS Warspite,Built,Scrapped,1912-10-31,1913-11-26,1915-03-01,1946-07-01
bb-queen-elizabeth,HMS Barham,Built,Sunk,1913-02-24,1914-10-31,1915-10-01,1941-11-25
bb-queen-elizabeth,HMS Valiant,Built,Scrapped,1913-01-31,1914-11-04,1916-02-01,1948-03-01
bb-queen-elizabeth,HMS Malaya,Built,Scrapped,1913-10-20,1915-03-18,1916-02-01,1948-02-01
bc-tiger,HMS Tiger,Built,Scrapped,1912-06-20,1913-12-15,1914-10-01,1932-03-01
bb-iron-duke,HMS Iron Duke,Built,Converted,1912-01-12,1912-10-12,1914-03-01,1931-01-01
bb-iron-duke,HMS Marlborough,Built,Scrapped,1912-01-25,1912-10-24,1914-06-01,1932-06-01
bb-iron-duke,HMS Benbow,Built,Scrapped,1912-05-30,1913-11-12,1914-10-01,1931-03-01
bb-iron-duke,HMS Emperor of India,Built,Target,1912-05-31,1913-11-27,1914-11-01,1931-09-01
bc-queen-marry,HMS Queen Mary,Built,Sunk,1911-03-06,1912-03-20,1913-08-01,1916-05-31
bb-king-george-v-1911,HMS King George V,Built,Scrapped,1911-01-16,1911-10-09,1912-11-01,1926-12-01
bb-king-george-v-1911,HMS Centurion,Built,Converted,1911-01-16,1911-11-18,1913-05-01,1927-06-01
bb-king-george-v-1911,HMS Ajax,Built,Scrapped,1911-02-27,1912-03-21,1913-03-01,1926-11-01
bb-king-george-v-1911,HMS Audacious,Built,Sunk,1911-02-01,1912-09-14,1913-10-01,1914-10-27
bc-lion,HMS Lion,Built,Scrapped,1909-09-29,1910-08-06,1912-05-01,1924-01-31
bc-lion,HMS Princess Royal,Built,Scrapped,1910-05-02,1911-04-24,1912-11-01,1922-12-01
bb-orion,HMS Orion,Built,Scrapped,1909-11-29,1910-08-20,1912-01-01,1922-12-01
bb-orion,HMS Thunderer,Built,Scrapped,1910-04-13,1911-02-01,1912-06-01,1926-12-01
bb-orion,HMS Monarch,Built,Scrapped,1910-04-01,1911-03-30,1912-03-01,1925-01-01
bb-orion,HMS Conqueror,Built,Scrapped,1910-04-05,1911-05-01,1912-11-01,1922-12-01
bb-colossus,HMS Colossus,Built,Scrapped,1909-07-08,1910-04-09,1911-07-01,1920-06-01
bb-colossus,HMS Hercules,Built,Scrapped,1909-07-30,1910-05-10,1911-08-01,1921-11-01
bc-indefatigable,HMS Indefatigable,Built,Sunk,1909-02-23,1909-10-28,1911-04-01,1916-05-31
bc-indefatigable,HMS New Zealand,Built,Scrapped,1910-06-20,1911-07-01,1912-11-01,1922-12-01
bc-indefatigable,HMS Australia,Built,Scuttled,1910-06-23,1911-10-25,1913-06-01,1924-04-12
bb-neptune,HMS Neptune,Built,Scrapped,1909-01-19,1909-09-30,1911-01-01,1922-09-01
bb-st-vincent,HMS St. Vincent,Built,Converted,1907-12-30,1908-09-10,1909-05-01,1919-06-01
bb-st-vincent,HMS Collingwood,Built,Converted,1907-02-03,1908-11-07,1910-04-01,1918-06-01
bb-st-vincent,HMS Vanguard,Built,Sunk,1908-04-02,1909-02-22,1910-02-01,1917-07-09
bb-bellerophon,HMS Bellerophon,Built,Converted,1906-12-03,1907-07-27,1909-02-01,1919-06-01
bb-bellerophon,HMS Temeraire,Built,Converted,1907-01-01,1907-08-24,1909-05-01,1919-06-01
bb-bellerophon,HMS Superb,Built,Converted,1907-02-06,1907-11-07,1909-05-01,1919-06-01
bc-invincible,HMS Indomitable,Built,Scrapped,1906-03-01,1907-03-16,1908-06-01,1920-03-01
bc-invincible,HMS Invincible,Built,Sunk,1906-04-02,1907-04-13,1909-03-01,1916-05-31
bc-invincible,HMS Inflexible,Built,Scrapped,1906-02-05,1907-06-26,1908-10-01,1920-03-01
pred-lord-nelson,HMS Agamemnon,Built,Target,1905-05-15,1906-06-23,1908-06-01,1921-04-01
pred-lord-nelson,HMS Lord Nelson,Built,Scrapped,1905-05-18,1906-09-04,1908-10-01,1920-06-01
bb-dreadnought,HMS Dreadnought,Built,Scrapped,1905-10-02,1906-02-10,1906-12-01,1921-05-01
pred-king-edward-vii,HMS Commonwealth,Built,Target,1902-06-17,1903-05-13,1905-03-01,1919-06-01
pred-king-edward-vii,HMS King Edward VII,Built,Sunk,1902-03-08,1903-07-23,1905-02-01,1916-01-06
pred-king-edward-vii,HMS Dominion,Built,Converted,1902-05-23,1903-08-25,1905-07-01,1918-04-01
pred-king-edward-vii,HMS Hindustan,Built,Converted,1902-10-25,1903-12-19,1905-07-01,1914-09-01
pred-king-edward-vii,HMS New Zealand,Built,Converted,1903-02-09,1904-02-04,1905-07-01,1919-03-01
pred-king-edward-vii,HMS Britannia,Built,Sunk,1904-02-04,1904-12-10,1906-09-01,1918-11-09
pred-king-edward-vii,HMS Africa,Built,Converted,1904-01-27,1905-05-20,1906-11-01,1919-04-01
pred-king-edward-vii,HMS Hibernia,Built,Converted,1904-01-06,1905-06-17,1907-01-01,1919-04-01
pred-duncan,HMS Russell,Built,Sunk,1899-03-11,1901-02-19,1903-02-01,1916-04-27
pred-duncan,HMS Albermarle,Built,Converted,1900-01-08,1901-03-05,1903-11-01,1917-05-01
pred-duncan,HMS Montagu,Built,Sunk,1899-11-23,1901-03-05,1903-10-01,1906-05-30
pred-duncan,HMS Duncan,Built,Converted,1899-07-10,1901-03-21,1903-10-01,1920-02-01
pred-duncan,HMS Cornwallis,Built,Sunk,1899-07-19,1901-07-13,1904-02-01,1917-01-09
pred-duncan,HMS Exmouth,Built,Converted,1899-08-10,1901-08-31,1903-05-01,1920-02-01
pred-london,HMS London,Built,Converted,1898-12-08,1899-09-21,1902-06-01,1918-01-01
pred-london,HMS Bulwark,Built,Sunk,1899-03-20,1899-10-18,1902-03-01,1914-11-26
pred-london,HMS Venerable,Built,Converted,1899-01-02,1899-11-02,1902-11-01,1918-01-01
pred-london,HMS Queen,Built,Converted,1901-03-12,1902-03-08,1904-03-01,1918-03-01
pred-london,HMS Prince of Wales,Built,Converted,1901-03-20,1902-03-25,1904-03-01,1918-03-01
pred-formidable,HMS Formidable,Built,Sunk,1898-03-21,1898-11-17,1901-09-01,1915-01-01
pred-formidable,HMS Irresistible,Built,Sunk,1898-04-11,1898-12-15,1902-02-01,1915-03-18
pred-formidable,HMS Implacable,Built,Scrapped,1898-07-13,1899-03-11,1901-09-01,1921-11-01
pred-canopus,HMS Canopus,Built,Converted,1897-01-04,1897-10-12,1899-12-01,1916-03-01
pred-canopus,HMS Goliath,Built,Sunk,1897-01-04,1898-03-23,1900-03-01,1915-05-15
pred-canopus,HMS Albion,Built,Converted,1896-12-03,1898-06-21,1901-06-01,1918-03-01
pred-canopus,HMS Ocean,Built,Sunk,1897-02-15,1898-07-05,1900-02-01,1915-03-18
pred-canopus,HMS Glory,Built,Converted,1896-12-01,1899-03-11,1900-10-01,1920-01-01
pred-canopus,HMS Vengeance,Built,Converted,1898-08-23,1899-07-25,1902-04-01,1917-03-01
pred-renown,HMS Renown,Built,Converted,1893-02-01,1895-05-08,1897-01-01,1909-10-01
pred-majestic,HMS Magnificent,Built,Converted,1893-12-18,1894-12-19,1895-12-01,1915-02-01
pred-majestic,HMS Majestic,Built,Sunk,1894-02-01,1895-01-31,1895-12-01,1915-05-27
pred-majestic,HMS Prince George,Built,Converted,1894-09-10,1895-08-22,1896-11-01,1916-03-01
pred-majestic,HMS Victorious,Built,Converted,1894-05-28,1895-10-19,1896-11-01,1915-02-01
pred-majestic,HMS Jupiter,Built,Converted,1894-04-26,1895-11-18,1897-05-01,1918-01-01
pred-majestic,HMS Mars,Built,Converted,1894-06-02,1896-03-30,1897-06-01,1915-02-01
pred-majestic,HMS Hannibal,Built,Converted,1894-05-01,1896-04-28,1898-04-01,1915-03-01
pred-majestic,HMS Caesar,Built,Scrapped,1895-03-25,1896-09-02,1898-01-01,1921-11-01
pred-majestic,HMS Illustrious,Built,Converted,1895-03-11,1896-09-17,1898-04-01,1916-01-01
pred-centurion,HMS Centurion,Built,Scrapped,1890-03-30,1892-08-03,1894-02-01,1910-07-01
pred-centurion,HMS Barfleur,Built,Scrapped,1890-10-12,1892-08-10,1894-06-01,1910-07-01
bt-hood,HMS Hood,Built,Target,1889-08-12,1891-07-30,1893-05-01,1911-09-01
pred-royal-sovereign,HMS Royal Sovereign,Built,Scrapped,1889-09-30,1891-02-26,1892-05-01,1913-10-01
pred-royal-sovereign,HMS Empress of India,Built,Target,1889-07-09,1891-05-07,1893-08-01,1913-11-04
pred-royal-sovereign,HMS Repulse,Built,Scrapped,1890-01-01,1892-02-27,1894-04-01,1911-07-01
pred-royal-sovereign,HMS Ramillies,Built,Scrapped,1890-08-11,1892-03-01,1893-10-01,1913-10-01
pred-royal-sovereign,HMS Resolution,Built,Scrapped,1890-06-14,1892-05-28,1893-11-01,1914-04-01
pred-royal-sovereign,HMS Revenge,Built,Converted,1891-02-12,1892-11-03,1894-03-01,1915-12-01
pred-royal-sovereign,HMS Royal Oak,Built,Scrapped,1890-05-29,1892-11-05,1894-06-01,1914-01-01
bt-trafalgar,HMS Trafalgar,Built,Scrapped,1886-01-18,1887-09-20,1890-04-01,1911-09-01
bt-trafalgar,HMS Nile,Built,Scrapped,1886-04-08,1888-03-27,1891-07-10,1912-07-01
bt-victoria,HMS Victoria,Built,Sunk,1885-04-23,1887-04-09,1890-03-01,1893-06-22
bt-victoria,HMS Sans Pareil,Built,Scrapped,1885-04-21,1887-05-09,1891-07-08,1907-04-01
bbar-benbow,HMS Benbow,Built,Scrapped,1882-11-01,1885-06-15,1888-06-01,1909-07-13
bbar-rodney,HMS Rodney,Built,Scrapped,1882-02-06,1884-10-08,1888-06-01,1909-06-01
bbar-rodney,HMS Howe,Built,Scrapped,1882-06-07,1885-04-28,1889-08-01,1910-11-01
bbar-rodney,HMS Camperdown,Built,Converted,1882-12-18,1885-11-24,1889-08-01,1908-10-01
bbar-rodney,HMS Anson,Built,Scrapped,1883-04-24,1886-02-17,1889-05-01,1909-07-01
bbar-collingwood,HMS Collingwood,Built,Scrapped,1880-07-12,1882-11-22,1887-07-01,1909-05-01
bt-colossus,HMS Colossus,Built,Converted,1879-06-06,1882-03-21,1885-10-31,1904-03-01
bt-colossus,HMS Edinburgh,Built,Target,1879-03-29,1882-03-18,1887-07-08,1908-01-01
bt-conqueror,HMS Conqueror,Built,Scrapped,1879-04-28,1881-09-08,1886-03-01,1907-04-01
bt-conqueror,HMS Hero,Built,Target,1884-04-21,1885-10-27,1888-05-01,1907-11-01
bmt-agamemnon,HMS Agamemnon,Built,Scrapped,1876-05-09,1879-09-17,1883-03-29,1903-01-01
bmt-agamemnon,HMS Ajax,Built,Scrapped,1876-03-21,1880-03-10,1883-03-30,1904-03-01
bmt-inflexible,HMS Inflexible,Built,Scrapped,1874-02-24,1876-04-27,1881-10-18,1903-09-01
bc-kongo,Kongo,Built,Sunk,1911-01-17,1912-05-18,1913-08-16,1944-11-21
bc-kongo,Hiei,Built,Sunk,1911-11-04,1912-11-21,1914-08-04,1942-11-13
bc-kongo,Kirishima,Built,Sunk,1912-03-17,1913-12-01,1915-04-19,1942-11-15
bc-kongo,Haruna,Built,Sunk,1912-03-16,1913-12-14,1915-04-19,1945-07-28
bc-amagi,Amagi,Cancelled,Scrapped,1920-12-16,,,1923-09-01
bc-amagi,Akagi,Cancelled,Scrapped,1920-12-06,1925-04-22,,1927-01-01
bc-amagi,Atago,Cancelled,Scrapped,1921-11-22,,,1924-01-01
bc-amagi,Takao,Cancelled,Scrapped,1921-12-19,,,1924-01-01
pred-fuji,Fuji,Built,Converted,1894-08-01,1896-03-31,1897-08-17,1922-09-01
pred-fuji,Yashima,Built,Sunk,1894-12-28,1896-02-28,1897-09-09,1904-05-15
pred-shikishima,Shikishima,Built,Converted,1897-03-29,1898-11-01,1900-01-26,1923-04-01
pred-shikishima,Hatsuse,Built,Sunk,1898-01-10,1899-06-27,1901-01-18,1904-05-15
pred-asahi,Asahi,Built,Converted,1898-08-01,1899-03-13,1900-07-31,1923-04-01
pred-mikasa,Mikasa,Built,Museum,1899-01-24,1900-11-08,1902-03-01,1923-09-20
pred-katori,Kashima,Built,Scrapped,1904-02-29,1905-03-22,1906-05-23,1923-09-01
pred-katori,Katori,Built,Scrapped,1904-04-27,1905-07-04,1906-05-20,1923-09-01
pred-satsuma,Satsuma,Built,Scrapped,1905-05-15,1906-11-15,1910-03-25,1923-09-01
pred-aki,Aki,Built,Target,1906-03-15,1907-04-15,1911-03-11,1923-09-01
bb-kawachi,Settsu,Built,Target,1909-01-18,1911-03-30,1912-07-01,1923-10-01
bb-kawachi,Kawachi,Built,Sunk,1909-04-01,1910-10-15,1912-03-31,1918-07-12
bb-fuso,Fuso,Built,Sunk,1912-03-11,1914-03-28,1915-11-18,1944-10-25
bb-fuso,Yamashiro,Built,Sunk,1913-11-20,1915-11-03,1917-03-31,1944-10-25
bb-ise,Ise,Built,Sunk,1915-05-10,1916-11-12,1917-12-15,1945-07-28
bb-ise,Hyuga,Built,Sunk,1915-05-06,1917-01-27,1918-04-30,1945-07-24
bb-nagato,Nagato,Built,Surrendered,1917-08-28,1919-11-09,1920-11-25,1945-09-01
bb-nagato,Mutsu,Built,Sunk,1918-06-01,1920-05-31,1921-11-22,1943-06-08
bb-tosa,Kaga,Cancelled,Scrapped,1920-07-19,1921-11-17,,1928-01-01
bb-tosa,Tosa,Cancelled,Scrapped,1920-02-16,1921-12-18,,1925-02-09
bb-yamato,Yamato,Built,Sunk,1937-11-04,1940-08-08,1941-12-16,1945-04-07
bb-yamato,Musashi,Built,Sunk,1938-03-29,1940-11-01,1942-08-05,1944-10-24
bb-yamato,Shinano,Cancelled,Converted,1940-05-04,,,1944-01-01
bb-yamato,No111,Cancelled,Scrapped,1940-11-07,,,1942-03-01
bbar-kronprinz-erzherzog-rudolf,SMS Kronprinz Erzherzog Rudolf,Built,Transfered,1884-01-25,1887-07-06,1889-09-01,1918-11-01
bbar-kronprinzessin-erzherzogin-stephanie,SMS Kronprinzessin Erzherzogin Stephanie,Built,Converted,1884-11-12,1887-04-14,1889-07-01,1910-01-01
pred-habsburg,SMS Habsburg,Built,Surrendered,1899-03-13,1900-09-09,1902-12-31,1920-01-01
pred-habsburg,SMS Arpad,Built,Surrendered,1899-06-10,1901-09-11,1903-06-15,1920-01-01
pred-habsburg,SMS Babenberg,Built,Surrendered,1901-01-19,1902-10-04,1904-04-15,1920-01-01
pred-erzherzog-karl,SMS Erzherzog Karl,Built,Surrendered,1902-07-24,1903-10-04,1906-06-17,1920-01-01
pred-erzherzog-karl,SMS Erzherzog Friedrich,Built,Surrendered,1902-10-04,1904-04-30,1907-01-31,1920-01-01
pred-erzherzog-karl,SMS Erzherzog Ferdinand Max,Built,Surrendered,1904-03-09,1905-05-21,1907-12-21,1920-01-01
pred-radetzky,SMS Zrinyi,Built,Surrendered,1909-01-20,1910-04-12,1911-09-15,1920-01-01
pred-radetzky,SMS Erzherzog Franz Ferdinand,Built,Surrendered,1907-09-12,1908-09-30,1910-06-05,1920-01-01
pred-radetzky,SMS Radetzky,Built,Surrendered,1907-11-26,1909-07-03,1911-01-15,1920-01-01
bb-tegetthoff,SMS Viribus Unitis,Built,Sunk,1910-07-24,1911-06-24,1912-12-05,1918-11-01
bb-tegetthoff,SMS Tegetthoff,Built,Surrendered,1910-09-24,1912-03-21,1913-07-21,1919-01-01
bb-tegetthoff,SMS Prinz Eugen,Built,Surrendered,1912-01-16,1912-11-30,1914-07-17,1919-01-01
bb-tegetthoff,SMS Szent Istvan,Built,Sunk,1912-01-29,1914-01-17,1915-12-13,1918-06-10
bb-rivadavia,ARA Rivadavia,Built,Scrapped,1910-05-25,1911-08-26,1914-08-27,1952-01-01
bb-rivadavia,ARA Moreno,Built,Converted,1910-07-09,1911-09-23,1915-03-01,1949-01-01
bmt-riachuelo,Riachuelo,Built,Scrapped,1881-08-31,1883-06-07,1883-11-19,1910-01-01
bmt-aquidaba,Aquidaba,Built,Sunk,1883-06-18,1885-01-17,1887-01-01,1906-01-22
bb-minas-geraes,Minas Gerais,Built,Scrapped,1907-04-17,1908-09-10,1910-04-18,1953-09-01
bb-minas-geraes,Sao Paolo,Built,Scrapped,1907-04-30,1909-04-19,1910-07-12,1947-08-01
bb-rio-de-janeiro,Rio de Janeiro,Built,Sold,1911-09-01,1913-01-22,,1913-12-01
cds-marshal-deodoro,Marshal Deodoro,Built,Sold,1898-01-01,1898-06-18,1900-01-01,1924-01-01
cds-marshal-deodoro,Marshal Floriano,Built,Scrapped,1898-01-01,1899-07-06,1901-01-01,1936-01-01
cds-el-plata,ARA El Plata,Built,Scrapped,1873-12-01,1874-08-29,1875-10-01,1927-11-01
cds-el-plata,ARA Los Andes,Built,Scrapped,1873-12-01,1874-10-29,1875-10-01,1927-11-01
cds-libertad,ARA Independencia,Built,Scrapped,1889-06-01,1891-02-26,1892-11-26,1951-01-01
cds-libertad,ARA Libertad,Built,Scrapped,1889-06-01,1890-12-11,1892-11-26,1946-12-01
cds-monarch,SMS Monarch,Built,Converted,1893-07-31,1895-05-09,1898-05-11,1918-03-01
cds-monarch,SMS Wien,Built,Sunk,1893-02-16,1895-07-06,1898-05-13,1917-12-10
cds-monarch,SMS Budapest,Built,Converted,1893-02-16,1896-04-27,1898-05-12,1918-03-01
bt-capitan-prat,Capitan Prat,Built,Scrapped,1889-06-01,1890-12-20,1893-05-01,1936-01-01
pred-constitucion,ARA Constitucion,Built,Sold,1902-02-26,1903-01-12,,1903-03-12
pred-constitucion,ARA Libertad,Built,Sold,1902-02-26,1903-01-15,,1903-03-12
bb-almirante-latorre,Almirante Latorre,Built,Scrapped,1911-11-27,1913-11-17,1915-09-30,1958-02-01
bb-almirante-latorre,Almirante Cochrane,Built,Sold,1913-02-20,1918-06-08,,1914-09-09
cds-iver-hvitfeldt,HDMS Iver Hvitfeldt,Built,Scrapped,1884-04-09,1886-04-14,1887-06-01,1919-02-01
m-skjold,HDMS Skjold,Built,Scrapped,1894-01-01,1896-05-08,1897-05-25,1929-05-01
cds-herluf-trolle,HDMS Herluf Trolle,Built,Scrapped,1897-07-20,1899-09-01,1901-06-07,1932-04-01
cds-herluf-trolle,HDMS Olfert Fischer,Built,Scrapped,1900-10-20,1903-05-09,1905-05-31,1936-10-01
cds-herluf-trolle,HDMS Peder Skram,Built,Sunk,1905-04-25,1908-05-02,1908-09-24,1943-08-29
cds-niels-iuel,HDMS Niels Iuel,Built,Sunk,1914-09-21,1918-07-03,1923-05-23,1943-08-29
cds-vainamoinen,Vainamoinen,Built,Sold,1929-08-01,1930-12-28,1932-12-01,1947-06-01
cds-vainamoinen,Ilmarinen,Built,Sunk,1929-08-01,1931-07-09,1933-09-01,1941-09-13
bb-salamis,Salamis,Cancelled,Scrapped,1913-07-23,1914-11-11,,1932-04-01
bb-vasilefs-konstantinos,Vasilefs Konstantinos,Cancelled,Scrapped,1914-06-12,,,1914-08-01
cds-spetsai,Idra,Built,Converted,1887-01-01,1889-05-15,1892-01-01,1919-01-01
cds-spetsai,Spetsai,Built,Converted,1887-01-01,1889-10-26,1892-01-01,1919-01-01
cds-spetsai,Psara,Built,Converted,1887-01-01,1890-02-20,1891-01-01,1919-01-01
bc-von-der-tann,SMS Von der Tann,Built,Scuttled,1908-03-25,1909-03-20,1911-02-19,1919-06-21
bc-moltke,SMS Moltke,Built,Scuttled,1908-12-07,1910-04-07,1911-09-30,1919-06-21
bc-moltke,SMS Goeben,Built,Transfered,1909-08-28,1911-03-28,1912-07-02,1914-08-01
bc-seyditz,SMS Seydlitz,Built,Scuttled,1911-02-04,1912-03-30,1913-05-22,1919-06-21
bc-derfflinger,SMS Derfflinger,Built,Scuttled,1912-01-01,1913-07-01,1914-09-01,1919-06-21
bc-derfflinger,SMS Lutzow,Built,Sunk,1912-05-01,1913-11-29,1915-08-08,1916-06-01
bc-hindenburg,SMS Hindenburg,Built,Scuttled,1913-06-30,1915-08-01,1917-05-10,1919-06-21
bc-mackensen,SMS Mackensen,Cancelled,Scrapped,1915-01-30,1917-04-21,,1919-11-01
bc-mackensen,SMS Graf Spee,Cancelled,Scrapped,1915-11-30,1917-09-15,,1919-11-01
bc-mackensen,SMS Prinz Eitel Friedrich,Cancelled,Scrapped,1915-05-01,1920-03-13,,1921-01-01
bc-mackensen,SMS Furst Bismarck,Cancelled,Scrapped,1915-11-03,,,1919-11-01
bc-deutschland,Deutschland,Built,Sunk,1929-02-05,1931-05-19,1933-04-01,1945-05-04
bc-deutschland,Admiral Scheer,Built,Sunk,1931-06-25,1933-04-01,1934-11-12,1945-04-09
bc-deutschland,Admiral Graf Spee,Built,Sunk,1932-10-01,1934-06-30,1936-01-06,1939-12-17
pred-brandenburg,SMS Kurfurst Friedrich Wilhelm,Built,Sold,1890-03-01,1891-06-30,1894-04-29,1910-09-01
pred-brandenburg,SMS Brandenburg,Built,Converted,1890-05-01,1891-09-21,1893-11-19,1915-01-01
pred-brandenburg,SMS Weissenburg,Built,Sold,1890-05-01,1891-12-14,1894-10-14,1910-09-01
pred-brandenburg,SMS Worth,Built,Converted,1890-03-03,1892-08-06,1893-10-31,1915-12-01
pred-kaiser-friedrich-iii,SMS Kaiser Friedrich III,Built,Converted,1895-03-05,1896-07-01,1898-10-07,1916-01-01
pred-kaiser-friedrich-iii,SMS Kaiser Wilhelm II,Built,Converted,1896-10-26,1897-09-14,1900-02-13,1915-01-01
pred-kaiser-friedrich-iii,SMS Kaiser Wilhelm der Grosse,Built,Converted,1898-01-22,1899-06-01,1901-05-05,1916-01-01
pred-kaiser-friedrich-iii,SMS Kaiser Karl der Grosse,Built,Converted,1898-09-17,1899-10-18,1902-02-04,1916-01-01
pred-kaiser-friedrich-iii,SMS Kaiser Barbarossa,Built,Converted,1898-08-03,1900-04-21,1901-06-10,1916-01-01
pred-wittelsbach,SMS Wittelsbach,Built,Converted,1899-09-30,1900-07-03,1902-10-15,1916-01-01
pred-wittelsbach,SMS Wettin,Built,Converted,1899-10-10,1901-06-06,1902-10-01,1916-01-01
pred-wittelsbach,SMS Zahringen,Built,Converted,1899-11-21,1901-06-12,1902-10-25,1916-01-01
pred-wittelsbach,SMS Schwaben,Built,Converted,1900-09-15,1901-08-19,1904-04-13,1916-01-01
pred-wittelsbach,SMS Mecklenburg,Built,Converted,1900-05-15,1901-11-09,1903-06-25,1916-01-01
pred-braunschweig,SMS Braunschweig,Built,Converted,1901-10-24,1902-12-20,1904-10-15,1916-07-01
pred-braunschweig,SMS Elsass,Built,Converted,1901-09-05,1903-05-26,1904-11-29,1916-07-01
pred-braunschweig,SMS Hessen,Built,Converted,1902-04-15,1903-09-18,1905-09-19,1916-12-01
pred-braunschweig,SMS Preussen,Built,Converted,1902-06-14,1903-10-30,1905-07-12,1916-12-01
pred-braunschweig,SMS Lothringen,Built,Converted,1902-12-01,1904-05-27,1906-05-18,1916-12-01
pred-deutschland,SMS Deutschland,Built,Converted,1903-06-20,1904-11-19,1906-08-03,1917-10-01
pred-deutschland,SMS Hannover,Built,Scrapped,1904-04-01,1905-09-29,1907-10-01,1931-09-25
pred-deutschland,SMS Pommern,Built,Sunk,1904-03-22,1905-12-02,1907-08-06,1916-06-01
pred-deutschland,SMS Schlesien,Built,Sunk,1904-11-19,1906-05-28,1908-05-05,1945-05-04
pred-deutschland,SMS Schleswig-Holstein,Built,Sunk,1905-08-18,1906-12-07,1908-07-06,1944-12-18
bb-nassau,SMS Nassau,Built,Scrapped,1907-07-22,1908-03-07,1909-10-01,1919-11-01
bb-nassau,SMS Westfalen,Built,Scrapped,1907-08-12,1908-07-01,1909-11-16,1919-11-01
bb-nassau,SMS Rheinland,Built,Converted,1907-06-01,1908-09-26,1910-04-30,1918-04-11
bb-nassau,SMS Posen,Built,Scrapped,1907-06-11,1908-12-12,1910-05-31,1919-11-01
bb-helgoland,SMS Helgoland,Built,Scrapped,1908-12-24,1909-09-25,1911-08-23,1919-11-01
bb-helgoland,SMS Ostfriesland,Built,Scrapped,1908-10-19,1909-09-30,1911-08-01,1919-11-01
bb-helgoland,SMS Thuringen,Built,Scrapped,1908-11-07,1909-11-27,1911-09-10,1919-11-01
bb-helgoland,SMS Oldenburg,Built,Scrapped,1909-03-01,1910-06-30,1912-05-01,1919-11-01
bb-kaiser,SMS Kaiser,Built,Scuttled,1909-12-01,1911-03-22,1912-08-01,1919-06-21
bb-kaiser,SMS Friedrich der Grosse,Built,Scuttled,1910-01-26,1911-06-10,1912-10-15,1919-06-21
bb-kaiser,SMS Kaiserin,Built,Scuttled,1910-11-01,1911-11-11,1913-05-14,1919-06-21
bb-kaiser,SMS Konig Albert,Built,Scuttled,1910-07-17,1912-04-27,1913-07-31,1919-06-21
bb-kaiser,SMS Prinzregent Luitpold,Built,Scuttled,1911-01-01,1912-02-17,1913-08-19,1919-06-21
bb-konig,SMS Konig,Built,Scuttled,1911-10-01,1913-03-01,1914-08-09,1919-06-21
bb-konig,SMS Grosser Kurfurst,Built,Scuttled,1911-10-01,1913-05-05,1914-07-30,1919-06-21
bb-konig,SMS Markgraf,Built,Scuttled,1911-11-01,1913-06-04,1914-10-01,1919-06-21
bb-konig,SMS Kronprinz,Built,Scuttled,1912-05-01,1914-02-21,1914-11-08,1919-06-21
bb-bayern,SMS Bayern,Built,Scuttled,1914-01-01,1915-02-18,1916-07-15,1919-06-21
bb-bayern,SMS Baden,Built,Scuttled,1913-12-20,1915-10-30,1917-03-14,1919-06-21
bb-sachsen,SMS Sachsen,Cancelled,Scrapped,1914-04-07,1916-11-21,,1919-11-01
bb-sachsen,SMS Wurttemberg,Cancelled,Scrapped,1915-01-04,1917-06-20,,1919-11-01
bb-scharnhorst,Scharnhorst,Built,Sunk,1935-05-16,1936-06-30,1939-01-07,1943-12-26
bb-scharnhorst,Gneisenau,Built,Sunk,1935-05-03,1936-12-08,1938-05-21,1945-03-23
bb-bismarck,Bismarck,Built,Sunk,1936-07-01,1939-02-14,1940-08-24,1941-05-27
bb-bismarck,Tirpitz,Built,Sunk,1936-10-20,1939-04-01,1941-02-25,1944-11-12
cds-siegfried,SMS Siegfried,Built,Converted,1888-06-01,1889-08-10,1890-04-29,1916-01-01
cds-siegfried,SMS Beowulf,Built,Target,1890-01-01,1890-11-08,1892-04-01,1916-01-01
cds-siegfried,SMS Frithjof,Built,Converted,1890-08-01,1891-07-21,1893-02-23,1916-01-01
cds-siegfried,SMS Heimdall,Built,Converted,1891-08-01,1892-07-27,1894-04-07,1916-01-01
cds-siegfried,SMS Hildebrand,Built,Converted,1890-12-01,1892-08-06,1893-10-28,1916-01-01
cds-siegfried,SMS Hagen,Built,Converted,1891-12-01,1893-10-21,1894-10-02,1916-01-01
cds-odin,SMS Odin,Built,Converted,1893-02-01,1894-11-03,1896-09-22,1917-01-01
cds-odin,SMS Agir,Built,Converted,1892-12-01,1895-04-03,1896-10-15,1916-01-01
bbar-bayard,Bayard,Built,Scrapped,1876-10-01,1880-03-01,1882-01-01,1899-01-01
bbar-bayard,Turenne,Built,Scrapped,1876-04-01,1879-10-01,1882-01-01,1901-01-01
bbar-admiral-duperre,Amiral Duperre,Built,,1876-12-07,1879-09-11,1883-04-21,1906-08-01
bbar-terrible,Caiman,Built,Scrapped,1878-12-01,1885-05-21,1888-11-01,1913-01-01
bbar-terrible,Indomptable,Built,Scrapped,1878-06-01,1883-09-18,1887-02-01,1913-01-01
bbar-terrible,Requin,Built,,1878-12-01,1885-06-12,1888-12-01,1920-02-01
bbar-terrible,Terrible,Built,,1877-12-01,1881-09-01,1887-01-01,1911-01-01
bbar-vauban,Duguesclin,Built,,1878-12-01,1883-01-01,1886-08-01,1904-01-01
bbar-vauban,Vauban,Built,Scrapped,1879-02-01,1882-07-01,1885-12-01,1905-01-01
bbar-admiral-baudin,Amiral Baudin,Built,Scrapped,1879-10-01,1883-06-05,1888-12-01,1909-01-01
bbar-admiral-baudin,Formidable,Built,,1879-09-01,1885-04-16,1889-02-01,1911-01-01
bt-hoche,Hoche,Built,Target,1881-06-01,1886-09-29,1890-06-01,1913-11-25
bbar-Marceau,Magenta,Built,,1883-01-01,1890-04-19,1893-02-01,1910-01-01
bbar-Marceau,Marceau,Built,,1882-11-28,1887-05-24,1891-03-14,1914-08-01
bbar-Marceau,Neptune,Built,,1882-04-17,1887-05-07,1892-07-01,1908-02-01
bt-brennus,Brennus,Built,,1889-01-12,1891-10-17,1896-12-16,1919-01-01
pred-carnot,Carnot,Built,,1891-07-01,1894-07-12,1897-07-01,1919-10-01
pred-charles-martel,Charles Martel,Built,,1891-04-01,1893-08-29,1897-06-01,1919-10-01
pred-jaureguiberry,Jaureguiberry,Built,,1891-11-01,1893-10-27,1897-01-30,1920-06-01
pred-massena,Massena,Built,,1892-09-01,1895-07-24,1898-06-01,1915-01-01
pred-bouvet,Bouvet,Built,,1893-01-16,1896-04-27,1898-06-01,1915-03-18
pred-charlemagne,Charlemagne,Built,,1894-08-02,1895-10-17,1897-09-12,1920-06-01
pred-charlemagne,Saint-Louis,Built,,1895-03-25,1896-09-02,1900-09-15,1920-06-01
pred-charlemagne,Gaulois,Built,,1896-01-06,1896-10-06,1899-10-23,1916-12-27
pred-henry-iv,Henry IV,Built,,1897-07-15,1899-08-23,1903-09-01,1920-01-01
pred-iena,Iena,Built,,1898-01-15,1898-09-01,1902-04-14,1907-03-12
pred-suffren,Suffren,Built,,1899-01-05,1899-07-25,1903-10-01,1916-11-26
pred-liberte,Democratie,Built,,1903-05-01,1904-04-30,1908-01-01,1921-01-01
pred-liberte,Justice,Built,,1903-04-01,1904-10-27,1908-02-01,1922-01-01
pred-liberte,Liberte,Built,,1902-11-01,1905-04-19,1908-03-01,1911-09-25
pred-liberte,Verite,Built,,1903-04-01,1907-05-28,1908-06-01,1922-01-01
pred-republique,Republique,Built,,1901-12-01,1902-09-04,1906-12-01,1921-01-01
pred-republique,Patrie,Built,,1902-04-01,1903-12-17,1906-12-01,1928-01-01
pred-danton,Condorcet,Built,,1907-08-23,1909-08-20,1911-07-25,1931-01-01
pred-danton,Danton,Built,,1906-02-01,1909-07-04,1911-06-01,1917-03-19
pred-danton,Diderot,Built,,1907-10-20,1909-04-19,1911-08-01,1936-01-01
pred-danton,Mirabeau,Built,,1908-05-04,1909-10-28,1911-08-01,1921-01-01
pred-danton,Vergniaud,Built,Target,1908-07-01,1910-04-12,1911-09-22,1921-10-01
pred-danton,Voltaire,Built,,1907-07-20,1909-01-16,1911-08-01,1935-01-01
bb-courbet,Courbet,Built,Sunk,1910-09-01,1911-09-23,1913-11-19,1944-06-09
bb-courbet,France,Built,Sunk,1911-11-30,1912-11-07,1914-08-01,1922-08-26
bb-courbet,Jean Bart,Built,,1910-11-15,1911-09-22,1913-06-05,1937-09-01
bb-courbet,Paris,Built,,1911-11-10,1912-09-28,1914-08-01,1940-07-01
bb-bretagne,Bretagne,Built,Sunk,1912-07-01,1913-04-21,1915-09-01,1940-07-03
bb-bretagne,Lorraine,Built,,1912-08-01,1913-09-30,1916-07-01,1947-02-01
bb-bretagne,Provence,Built,Sunk,1912-05-01,1913-04-20,1915-06-01,1942-11-27
bb-normandie,Bearn,Cancelled,Converted,1914-01-10,1920-04-01,,1923-08-01
bb-normandie,Flandre,Cancelled,Scrapped,1913-10-01,1914-10-20,,1924-10-01
bb-normandie,Gascoigne,Cancelled,Scrapped,1913-10-01,1914-09-20,,1924-01-01
bb-normandie,Languedoc,Cancelled,Scrapped,1913-04-18,1916-05-01,,1929-06-01
bb-normandie,Normandie,Cancelled,Scrapped,1913-04-18,1914-10-19,,1925-01-01
bb-dunkerque,Dunkerque,Built,Sunk,1932-12-24,1935-10-02,1937-05-01,1942-11-27
bb-strasbourg,Strasbourg,Built,Sunk,1934-11-25,1936-12-12,1939-04-06,1942-11-27
bb-richelieu,Richelieu,Built,Scrapped,1935-10-22,1939-01-17,1940-07-15,1956-05-01
bb-jean-bart,Jean Bart,Built,Scrapped,1936-12-12,1940-03-06,1949-01-16,1961-01-01
bb-richelieu,Clemenceau,Cancelled,Sunk,1939-01-17,1943-06-01,,1944-08-27
cds-tonnant,Tonnant,Built,Scrapped,1875-01-01,1880-01-01,1884-01-01,1903-01-01
cds-furieux,Furieux,Built,,1878-04-01,1883-07-01,1887-02-01,1913-01-01
cds-jemmapes,Jemmapes,Built,Scrapped,1890-01-01,1892-04-01,1894-06-01,1911-01-01
cds-jemmapes,Valmy,Built,Scrapped,1890-01-01,1892-10-06,1894-06-01,1911-01-01
cds-bouvines,Amiral Trehouart,Built,,1890-10-01,1893-05-16,1896-05-01,1922-01-01
cds-bouvines,Bouvines,Built,,1890-09-01,1892-03-29,1894-12-01,1920-01-01
cds-harald-haarfagre,HNoMS Harald Haarfagre,Built,Captured,1896-01-01,1897-01-04,1898-03-01,1940-04-09
cds-harald-haarfagre,HNoMS Tordenskjold,Built,Captured,1896-01-01,1897-03-18,1898-03-01,1940-04-09
cds-norge,HNoMS Norge,Built,Sunk,1899-01-01,1900-01-31,1901-02-01,1940-04-09
cds-norge,HNoMS Eidsvold,Built,Sunk,1899-05-01,1900-06-14,1901-06-01,1940-04-09
cds-nidaros,HNoMS Nidaros,Built,Sold,1913-06-11,1914-06-09,,1915-01-01
cds-nidaros,HNoMS Bjorgvin,Built,Sold,1913-05-26,1914-08-08,,1915-01-01
bt-duilio,Duilio,Built,,1873-01-06,1876-05-08,1880-01-06,1906-06-01
bt-duilio,Dandolo,Built,,1873-01-06,1878-07-10,1882-04-11,1920-01-01
bt-italia,Italia,Built,,1876-01-03,1880-09-29,1885-10-16,1917-12-01
bt-lepanto,Lepanto,Built,,1876-11-04,1883-03-17,1887-08-16,1912-05-01
pred-ruggiero-di-lauria,Ruggiero di Lauria,Built,,1881-08-03,1884-08-09,1888-02-01,1909-11-01
pred-ruggiero-di-lauria,Francesco Morosini,Built,,1881-12-04,1885-07-30,1889-08-21,1909-09-15
pred-ruggiero-di-lauria,Andrea Doria,Built,,1882-01-07,1885-11-21,1891-05-16,1918-11-01
pred-re-umberto,Re Umberto,Built,,1884-07-10,1888-10-17,1893-02-16,1920-07-01
pred-sicilia,Sicilia,Built,,1884-11-03,1891-07-06,1895-05-04,1914-07-01
pred-sicilia,Sardegna,Built,,1885-10-24,1890-09-20,1895-02-16,1923-01-01
pred-ammiraglio-di-saint-bon,Ammiraglio di Saint Bon,Built,,1893-07-18,1897-04-29,1901-05-24,1920-06-01
pred-ammiraglio-di-saint-bon,Emanuele Filiberto,Built,,1893-10-05,1897-09-29,1902-04-16,1920-03-01
pred-regina-margherita,Regina Margherita,Built,Sunk,1898-11-20,1901-05-30,1904-04-14,1916-12-11
pred-regina-margherita,Benedetto Brin,Built,Sunk,1899-01-30,1901-11-07,1905-09-01,1915-09-27
pred-regina-elena,Regina Elena,Built,,1901-03-27,1904-06-19,1907-09-11,1923-02-01
pred-regina-elena,Vittorio Emanuele,Built,,1901-09-18,1904-10-12,1908-08-01,1923-04-01
pred-regina-elena,Roma,Built,,1903-09-20,1907-04-21,1908-12-17,1927-09-01
pred-regina-elena,Napoli,Built,,1903-10-21,1905-09-10,1908-09-01,1926-09-01
bb-dante-aligieri,Dante Alighieri,Built,,1909-06-06,1910-08-20,1913-01-15,1928-11-01
bb-conte-di-cavour,Conte di Cavour,Built,Sunk,1910-08-10,1911-08-10,1915-04-01,1940-11-12
bb-conte-di-cavour,Giulio Cesare,Built,Surrendered,1910-06-24,1911-10-15,1914-05-14,1949-02-01
bb-conte-di-cavour,Leonardo da Vinci,Built,Sunk,1910-07-18,1911-10-14,1914-05-17,1916-08-02
bb-andrea-doria,Andrea Doria,Built,Scrapped,1912-03-24,1913-03-30,1916-03-13,1956-11-01
bb-andrea-doria,Caio Duilio,Built,Scrapped,1912-02-24,1913-04-24,1915-05-10,1956-09-01
bb-francesco-caracciolo,Francesco Caracciolo,Cancelled,Scrapped,1914-10-16,1920-05-12,,1921-01-01
bb-francesco-caracciolo,Cristoforo Colombo,Cancelled,Scrapped,1915-03-14,,,1921-01-01
bb-francesco-caracciolo,Marcantonio Colonna,Cancelled,Scrapped,1915-03-03,,,1921-01-01
bb-francesco-caracciolo,Francesco Morosini,Cancelled,Scrapped,1915-06-27,,,1921-01-01
bb-littorio,Vittorio Veneto,Built,,1934-10-28,1937-07-22,1940-04-28,1948-01-01
bb-littorio,Littorio,Built,,1934-10-28,1937-08-22,1940-05-06,1948-06-01
bb-littorio,Roma,Built,Sunk,1938-09-18,1940-06-09,1942-06-14,1943-09-09
bb-littorio,Impero,Cancelled,Scrapped,1938-05-14,1939-11-15,,1943-09-10
m-alfredo-cappellini,Alfredo Cappellini,Built,Sunk,1915-03-01,1915-09-01,1916-04-01,1917-11-16
m-faa-di-bruno,Faa di Bruno,Built,Captured,1915-05-01,1916-01-30,1917-07-23,1943-09-09
m-monte-grappa,Monte Cengio,Built,,1918-07-01,1919-12-10,1920-06-01,1924-11-01
m-monte-grappa,Monte Grappa,Built,,1918-05-01,1918-09-21,1919-01-01,1924-11-01
m-monte-grappa,Montello,Built,,1918-05-01,1918-12-31,1919-05-01,1924-11-01
m-monte-grappa,Monte Novegno,Built,,1918-05-01,1919-05-31,1920-06-01,1924-11-01
bmt-neptune,HMS Neptune,Built,,1873-06-01,1874-09-10,1881-09-03,1903-09-01
m-reinier-claeszen,HNLMS Reinier Claeszen,Built,,1890-09-24,1891-11-21,1894-03-01,1914-04-01
cds-eversten,HNLMS Evertsen,Built,,1893-04-01,1894-09-29,1896-02-01,1913-01-01
cds-eversten,HNLMS Piet Hein,Built,,1893-03-01,1894-08-16,1896-01-03,1914-01-01
cds-eversten,HNLMS Kortenaer,Built,,1893-05-01,1894-10-27,1895-12-17,1920-01-01
cds-koningin-regentes,HNLMS Koningin Regentes,Built,,1898-12-03,1900-04-24,1901-08-09,1920-01-01
cds-koningin-regentes,HNLMS De Ruyter,Built,,1900-05-12,1901-09-28,1902-10-29,1923-01-01
cds-koningin-regentes,HNLMS Hertog Hendrik,Built,,1900-10-13,1902-06-07,1904-01-05,1940-05-14
cds-marten-harpertszoon-tromp,HNLMS Marten Harpertzoon Tromp,Built,,1903-05-02,1904-06-15,1905-11-17,1932-01-01
cds-jacob-van-heemskerck,HNLMS Jacob van Heemskerck,Built,Sunk,1905-08-15,1906-09-22,1908-04-22,1940-05-14
cds-de-zeven-provincien,HNLMS De Zeven Provincien,Built,Sunk,1908-02-07,1909-03-15,1910-10-06,1942-02-18
bc-izmail,Izmail,Cancelled,Scrapped,1913-12-19,1915-06-22,,1917-12-14
bc-izmail,Borodino,Cancelled,Scrapped,1913-12-19,1915-07-01,,1917-10-24
bc-izmail,Kinburn,Cancelled,Scrapped,1913-12-19,1915-10-30,,1917-10-24
bc-izmail,Navarin,Cancelled,Scrapped,1913-12-19,1915-11-09,,1917-10-24
bc-kronshtadt,Kronshtadt,Cancelled,Scrapped,1939-11-30,,,1941-09-01
bc-kronshtadt,Sevastopol,Cancelled,Scrapped,1939-11-05,,,1941-08-15
bc-stalingrad,Stalingrad,Cancelled,Scrapped,1951-12-31,,,1953-06-01
bc-stalingrad,Moskva,Cancelled,Scrapped,1952-09-01,,,1953-04-01
bc-stalingrad,Kronshtadt,Cancelled,Scrapped,1952-10-01,,,1953-04-01
bt-pyotr-velikliy,Piotr Velikiy,Built,,1869-06-01,1872-08-27,1876-10-15,1921-05-01
bbar-ekaterina-ii,Ekaterina II,Built,Scrapped,1883-06-26,1886-05-20,1888-11-01,1907-08-01
bbar-ekaterina-ii,Chesma,Built,Scrapped,1883-07-10,1886-05-18,1889-05-29,1907-08-01
bbar-sinop,Sinop,Built,Sunk,1883-10-07,1887-06-01,1889-06-01,1919-04-24
bbar-sinop,Georgiy Pobedonosets,Built,,1891-05-05,1892-03-09,1893-09-01,1920-12-29
bt-imperator-nikolay-i,Imperator Nikolay I,Built,,1886-03-20,1889-06-01,1891-07-01,1905-05-28
bbar-imperator-alexandr-ii,Imperator Alexandr II,Built,,1886-06-30,1887-07-26,1890-09-01,1922-08-15
bbar-dvenadsat-apostolov,Dvenadtsat Apostolov,Built,,1888-03-07,1890-09-13,1892-05-10,1914-09-01
bt-navarin,Navarin,Built,Sunk,1890-05-31,1891-11-01,1896-06-01,1905-05-28
bt-sissoi-veliky,Sisoy Velikiy,Built,Sunk,1891-08-06,1894-06-01,1896-08-30,1905-05-28
pred-tri-sviatitelia,Tri Sviatitelia,Built,,1891-09-16,1893-11-12,1897-08-01,1918-05-01
pred-petropavlovsk,Poltava,Built,,1892-05-19,1894-11-06,1896-08-30,1924-07-01
pred-petropavlovsk,Petropavlovsk,Built,Sunk,1892-05-19,1894-11-09,1897-06-01,1904-04-13
pred-petropavlovsk,Sevastopol,Built,Sunk,1892-05-19,1895-06-06,1898-06-01,1905-01-02
pred-rostislav,Rostislav,Built,,1895-05-18,1896-09-01,1898-10-01,1918-05-01
pred-peresvet,Peresvet,Built,Sunk,1895-11-21,1898-05-19,1901-07-01,1917-01-04
pred-peresvet,Osliabia,Built,Sunk,1896-11-01,1898-10-01,1901-08-01,1905-05-27
pred-peresvet,Pobeda,Built,Sunk,1899-02-21,1900-05-24,1902-10-01,1904-12-07
pred-potemkin,Knyaz' Potyomkin Tavricheskiy,Built,,1898-10-10,1900-09-26,1905-06-02,1918-05-01
pred-tsesarevich,Tsesarevich,Built,,1899-08-07,1901-02-23,1903-09-03,1925-11-01
pred-retvizan,Retvizan,Built,Sunk,1899-07-29,1900-10-23,1901-12-01,1904-12-06
pred-borodino,Imperator Alexandr III,Built,Sunk,1900-05-24,1901-08-03,1903-07-01,1905-05-27
pred-borodino,Borodino,Built,Sunk,1900-05-24,1901-09-09,1904-08-01,1905-05-27
pred-borodino,Oriol,Built,,1900-06-02,1902-07-19,1904-08-01,1905-05-28
pred-borodino,Knyaz' Suvorov,Built,Sunk,1901-09-08,1902-09-25,1904-10-01,1905-05-27
pred-borodino,Slava,Built,Sunk,1902-11-01,1903-08-29,1905-10-01,1917-10-17
pred-andrei-pervozvanny,Andrey Pervozvannyy,Built,Scrapped,1905-05-11,1906-10-20,1912-05-13,1923-12-01
pred-andrei-pervozvanny,Respublika,Built,Scrapped,1904-10-27,1907-09-07,1912-05-01,1923-11-01
pred-evstafi,Eevstafi,Built,,1904-11-23,1906-11-03,1911-05-28,1918-05-01
pred-evstafi,Ioann Zlatoust,Built,,1904-11-13,1906-05-01,1911-04-01,1918-05-01
bb-gangut,Gangut,Built,Scrapped,1909-06-16,1911-10-07,1914-11-04,1956-02-01
bb-gangut,Sevastopol,Built,Scrapped,1909-06-16,1911-06-29,1914-11-17,1956-02-01
bb-gangut,Poltava,Built,Sunk,1909-06-16,1911-07-10,1914-12-17,1919-11-25
bb-gangut,Petropavlovsk,Built,Scrapped,1909-06-16,1911-09-09,1915-01-02,1951-09-01
bb-imperatritsa-mariya,Imperatritsa Mariya,Built,Sunk,1911-10-30,1913-11-01,1915-07-06,1916-10-20
bb-imperatritsa-mariya,Imperatritsa Yekaterina Velikaya,Built,Sunk,1911-10-30,1914-06-06,1915-10-18,1918-06-18
bb-imperatritsa-mariya,Imperator Alexandr III,Built,Scrapped,1911-10-30,1914-04-15,1917-06-28,1920-12-29
bb-imperator-nikolai-i,Imperator Nikolay I,Cancelled,Scrapped,1914-06-22,1916-10-18,,1917-10-24
bb-sovetsky-soyuz,Sovetskiy Soyuz,Cancelled,Scrapped,1938-07-31,,,1941-09-01
bb-sovetsky-soyuz,Sovetskaya Ukraina,Cancelled,Scrapped,1938-10-31,,,1941-08-15
bb-sovetsky-soyuz,Sovetskaya Belorussiya,Cancelled,Scrapped,1939-12-21,,,1940-10-01
bb-sovetsky-soyuz,Sovetskaya Rossiya,Cancelled,Scrapped,1940-07-22,,,1941-09-01
bbar-pelayo,Pelayo,Built,,1886-02-01,1887-02-05,1888-09-09,1924-08-01
bb-espana,Espana,Built,Sunk,1909-12-06,1912-02-05,1913-10-23,1923-08-26
bb-espana,Alfonso XIII,Built,Sunk,1910-02-23,1913-05-07,1915-08-16,1937-04-30
bb-espana,Jaime I,Built,Sunk,1912-02-05,1914-09-21,1921-12-20,1937-06-07
cds-svea,HSwMS Svea,Built,,1884-03-01,1885-12-12,1886-09-20,1920-01-01
cds-svea,HSwMS Gota,Built,Scrapped,1888-03-01,1889-09-16,1891-06-01,1927-10-01
cds-svea,HSwMS Thule,Built,,1891-05-01,1893-03-04,1893-12-01,1928-08-01
cds-oden,HSwMS Oden,Built,,1894-06-01,1896-03-09,1897-06-08,1937-01-01
cds-oden,HSwMS Thor,Built,,1896-03-01,1898-03-07,1899-06-29,1937-01-01
cds-oden,HSwMS Niord,Built,,1896-03-01,1898-03-31,1899-02-23,1926-01-01
cds-dristigheten,HSwMS Dristigheten,Built,,1898-10-01,1900-04-28,1901-09-05,1947-06-01
cds-aran,HSwMS Aran,Built,,1899-10-01,1901-08-14,1902-09-07,1947-06-01
cds-aran,HSwMS Wasa,Built,,1899-11-01,1901-05-29,1902-12-06,1940-03-01
cds-aran,HSwMS Tapperheten,Built,,1899-11-01,1901-11-07,1903-04-01,1947-06-01
cds-aran,HSwMS Manligheten,Built,,1901-12-01,1903-12-01,1904-12-03,1950-02-01
cds-oscar-ii,HSwMS Oscar II,Built,,1903-03-29,1905-06-06,1907-04-01,1950-02-01
cds-sverige,HSwMS Sverige,Built,,1912-12-12,1915-05-03,1917-05-10,1953-01-01
cds-sverige,HSwMS Drottning Victoria,Built,,1915-07-01,1917-09-15,1921-03-01,1957-04-01
cds-sverige,HSwMS Gustaf V,Built,,1914-12-01,1918-01-31,1922-01-01,1957-04-01
bb-resadiye,Resadiye,Built,Sold,1911-08-01,1913-09-03,,1914-08-01
bb-resadiye,Mahmud Resad V,Cancelled,Scrapped,1911-12-06,,,1912-06-01
bb-resadiye,Fatıh Sultan Mehmed,Cancelled,Scrapped,1914-06-11,,,1914-07-01
m-amphitrite,USS Amphitrite,Built,Scrapped,1874-06-23,1883-06-07,1895-04-23,1919-07-01
m-amphitrite,USS Monadnock,Built,Scrapped,1874-06-23,1883-09-19,1896-02-20,1921-07-01
m-amphitrite,USS Terror,Built,Scrapped,1874-06-23,1883-03-24,1896-04-15,1915-12-01
m-amphitrite,USS Miantonomoh,Built,Scrapped,1874-06-23,1876-12-05,1891-10-27,1915-12-01
m-puritan,USS Puritan,Built,Scrapped,1875-01-01,1882-12-06,1896-12-10,1903-06-01
m-monterey,USS Monterey,Built,Scrapped,1889-12-20,1891-04-28,1893-02-13,1917-12-01
m-arkansas,USS Arkansas,Built,Scrapped,1899-11-14,1900-11-10,1902-10-28,1922-01-01
m-arkansas,USS Nevada,Built,Scrapped,1899-04-17,1900-11-24,1903-03-05,1922-01-01
m-arkansas,USS Florida,Built,Scrapped,1899-01-23,1901-11-30,1903-06-18,1922-01-01
m-arkansas,USS Wyoming,Built,Scrapped,1899-04-11,1900-09-08,1902-12-08,1920-09-01
pc-atlanta,USS Atlanta,Built,,1883-11-08,1884-10-09,1886-07-19,1912-04-01
pc-atlanta,USS Boston,Built,,1883-11-15,1884-12-04,1887-05-02,1911-06-01
pc-chicago,USS Chicago,Built,,1883-12-29,1885-12-05,1889-04-17,1910-01-01
pc-baltimore,USS Baltimore,Built,,1887-05-05,1888-10-06,1890-01-07,1914-01-01
pc-philadelphia,USS Philadelphia,Built,,1888-03-22,1889-09-07,1890-07-28,1904-05-01
pc-newark,USS Newark,Built,,1888-06-12,1890-03-19,1891-02-02,1913-06-01
pc-san-francisco,USS San Francisco,Built,,1888-08-14,1889-10-26,1890-11-15,1908-06-01
pc-montgomery,USS Montgomery,Built,,1890-02-01,1891-12-05,1894-06-21,1919-08-01
pc-montgomery,USS Detroit,Built,,1890-02-01,1891-10-28,1893-07-20,1910-07-01
pc-montgomery,USS Marblehead,Built,,1890-10-01,1892-08-11,1894-04-02,1920-07-01
ac-new-york,USS New York,Built,,1890-09-30,1891-12-02,1893-08-01,1938-09-01
ac-brooklyn,USS Brooklyn,Built,,1893-08-02,1895-10-02,1896-12-01,1921-03-01
pc-olympia,USS Olympia,Built,,1891-06-17,1892-11-05,1895-02-05,1931-06-01
pc-denver,USS Denver,Built,,1900-06-28,1902-06-21,1904-05-17,1931-03-01
pc-denver,USS Des Moines,Built,,1900-08-28,1903-09-20,1904-03-05,1929-12-01
pc-denver,USS Chattanooga,Built,,1900-03-29,1903-03-07,1904-10-11,1929-12-01
pc-denver,USS Galveston,Built,,1901-01-19,1903-07-23,1905-02-15,1930-11-01
pc-denver,USS Tacoma,Built,,1900-09-27,1903-06-02,1904-01-30,1924-01-16
pc-denver,USS Cleveland,Built,,1900-06-01,1901-09-28,1903-11-02,1929-12-01
ac-pennsylvania,USS Pennsylvania,Built,,1901-08-07,1903-08-22,1905-03-09,1931-10-01
ac-pennsylvania,USS West Virginia,Built,,1901-09-16,1903-04-18,1905-02-23,1930-03-01
ac-pennsylvania,USS California,Built,,1902-05-07,1904-04-28,1907-08-01,1918-07-19
ac-pennsylvania,USS Colorado,Built,,1901-04-25,1903-04-25,1905-01-19,1930-10-01
ac-pennsylvania,USS Maryland,Built,,1901-10-29,1903-09-12,1905-04-18,1929-11-01
ac-pennsylvania,USS South Dakota,Built,,1902-09-30,1904-07-21,1908-01-27,1929-11-01
ac-st-louis,USS St. Louis,Built,,1902-07-31,1905-05-06,1906-08-18,1930-03-01
ac-st-louis,USS Milwaukee,Built,,1902-07-30,1904-09-10,1906-05-11,1917-01-13
ac-st-louis,USS Charleston,Built,,1902-01-30,1904-01-23,1905-10-17,1930-03-01
ac-tennessee,USS Tennessee,Built,,1903-06-20,1904-12-03,1906-07-17,1916-08-29
ac-tennessee,USS Washington,Built,,1903-09-23,1905-03-18,1906-08-07,1931-07-01
ac-tennessee,USS North Carolina,Built,,1905-03-21,1906-10-06,1908-05-07,1930-07-01
ac-tennessee,USS Montana,Built,,1905-04-29,1906-12-15,1908-07-21,1930-07-01
cs-chester,USS Chester,Built,,1905-09-25,1907-06-26,1908-04-25,1930-05-01
cs-chester,USS Birmingham,Built,,1905-08-14,1907-05-29,1908-04-11,1930-05-01
cs-chester,USS Salem,Built,,1905-08-28,1907-07-27,1908-08-01,1929-11-01
cl-omaha,USS Omaha,Built,,1918-12-06,1920-12-14,1923-02-24,1945-11-01
cl-omaha,USS Milwaukee,Built,,1918-12-13,1921-03-24,1923-06-20,1944-04-01
cl-omaha,USS Cincinnati,Built,,1920-05-15,1921-05-23,1924-01-01,1945-11-01
cl-omaha,USS Raleigh,Built,,1920-08-16,1922-10-25,1924-02-06,1945-11-01
cl-omaha,USS Detroit,Built,,1920-11-10,1922-06-29,1923-07-31,1946-01-01
cl-omaha,USS Richmond,Built,,1920-02-16,1921-09-29,1923-07-02,1946-01-01
cl-omaha,USS Concord,Built,,1920-03-29,1921-12-15,1923-11-03,1945-12-01
cl-omaha,USS Trenton,Built,,1920-08-18,1923-04-16,1924-04-19,1946-01-01
cl-omaha,USS Marblehead,Built,,1920-08-04,1923-10-09,1924-09-08,1945-11-01
cl-omaha,USS Memphis,Built,,1920-10-14,1924-04-17,1925-02-04,1946-01-01
ca-pensacola,USS Pensacola,Built,,1926-10-01,1929-04-25,1930-02-06,1946-07-01
ca-pensacola,USS Salt Lake City,Built,,1927-06-01,1929-01-23,1929-12-11,1946-07-01
ca-northampton,USS Northampton,Built,Sunk,1928-04-12,1929-09-05,1930-05-01,1942-12-01
ca-northampton,USS Chester,Built,,1928-03-06,1929-07-03,1930-06-01,1959-03-01
ca-northampton,USS Louisville,Built,,1928-07-04,1930-09-01,1931-03-01,1959-03-01
ca-northampton,USS Chicago,Built,Sunk,1928-09-10,1930-04-10,1931-03-01,1943-01-30
ca-northampton,USS Houston,Built,Sunk,1928-05-01,1929-09-07,1930-06-01,1942-03-01
ca-northampton,USS Augusta,Built,,1928-07-02,1930-02-01,1931-01-01,1959-03-01
ca-portland,USS Portland,Built,,1930-02-17,1932-05-21,1933-02-23,1959-03-01
ca-portland,USS Indianapolis,Built,Sunk,1930-03-31,1931-11-07,1932-11-15,1945-07-29
ca-new-orleans,USS New Orleans,Built,,1931-03-14,1933-04-12,1934-04-18,1959-03-01
ca-new-orleans,USS Astoria,Built,Sunk,1930-09-01,1933-12-16,1934-06-01,1942-08-09
ca-new-orleans,USS Minneapolis,Built,,1931-06-27,1933-09-06,1934-06-20,1959-03-01
ca-new-orleans,USS Tuscaloosa,Built,,1931-09-03,1933-11-15,1934-08-17,1959-03-01
ca-new-orleans,USS San Francisco,Built,,1931-09-09,1933-03-09,1934-04-23,1959-03-01
ca-new-orleans,USS Quincy,Built,Sunk,1933-11-15,1935-06-19,1936-06-09,1942-08-09
ca-new-orleans,USS Vincennes,Built,Sunk,1934-01-02,1936-05-21,1937-02-24,1942-08-09
cl-brooklyn,USS Brooklyn,Built,Sold,1935-03-12,1936-11-30,1938-07-18,1951-01-01
cl-brooklyn,USS Philadelphia,Built,Sold,1935-05-28,1936-11-17,1938-07-28,1951-01-01
cl-brooklyn,USS Savannah,Built,,1934-05-31,1937-05-08,1938-08-30,1959-03-01
cl-brooklyn,USS Nashville,Built,Sold,1935-01-24,1937-10-02,1938-11-25,1951-01-01
cl-brooklyn,USS Phoenix,Built,Sold,1935-04-15,1938-03-12,1939-03-18,1951-01-01
cl-brooklyn,USS Boise,Built,Sold,1935-04-01,1936-12-03,1939-02-01,1951-01-01
cl-brooklyn,USS Honolulu,Built,,1935-09-10,1937-08-26,1938-09-07,1959-03-01
cl-brooklyn,USS St. Louis,Built,Sold,1936-12-10,1938-04-15,1939-12-01,1951-01-01
cl-brooklyn,USS Helena,Built,,1936-12-09,1938-08-28,1939-12-14,1943-07-06
ca-wichita,USS Wichita,Built,,1935-10-28,1937-11-16,1939-02-16,1959-03-01
cl-atlanta,USS Atlanta,Built,,1940-04-22,1941-09-06,1941-12-24,1942-11-13
cl-atlanta,USS Juneau,Built,,1940-05-27,1941-10-25,1942-02-14,1942-11-13
cl-atlanta,USS San Diego,Built,,1940-03-27,1941-07-26,1942-01-10,1959-03-01
cl-atlanta,USS San Juan,Built,,1940-05-15,1941-09-06,1942-02-28,1959-03-01
cl-atlanta,USS Oakland,Built,,1941-07-13,1942-10-23,1943-07-17,1959-03-01
cl-atlanta,USS Reno,Built,,1941-08-12,1942-12-23,1943-12-28,1959-03-01
cl-atlanta,USS Flint,Built,,1942-10-23,1944-01-25,1944-08-31,1959-03-01
cl-atlanta,USS Tucson,Built,,1942-11-23,1944-09-03,1945-02-03,1966-06-01
cl-cleveland,USS Cleveland,Built,,1940-07-01,1941-11-01,1942-06-15,1959-03-01
cl-cleveland,USS Columbia,Built,,1940-08-19,1941-12-17,1942-06-29,1959-11-01
cl-cleveland,USS Montpelier,Built,,1940-12-02,1942-02-12,1942-09-09,1959-03-01
cl-cleveland,USS Denver,Built,Sold,1940-12-26,1942-04-04,1942-10-15,1960-02-01
cl-cleveland,USS Amsterdam,Built,Converted,1941-05-01,1942-08-22,,1942-09-01
cl-cleveland,USS Santa Fe,Built,,1941-06-07,1942-06-10,1942-11-24,1959-03-01
cl-cleveland,USS Tallahassee,Built,Converted,1941-06-02,1942-10-18,,1942-11-01
cl-cleveland,USS Birmingham,Built,,1941-02-17,1942-03-20,1943-01-29,1959-03-01
cl-cleveland,USS Mobile,Built,,1941-04-14,1942-05-15,1943-03-24,1959-03-01
cl-cleveland,USS Vincennes,Built,,1942-03-07,1943-07-17,1944-01-21,1966-04-01
cl-cleveland,USS Pasadena,Built,,1943-02-06,1943-12-28,1944-06-08,1970-12-01
cl-cleveland,USS Springfield,Built,Converted,1943-02-13,1944-03-09,1944-09-09,1957-05-01
cl-cleveland,USS Topeka,Built,Converted,1943-04-21,1944-08-19,1944-12-23,1957-05-01
cl-cleveland,USS New Haven,Built,Converted,1942-08-11,1942-11-06,,1942-12-01
cl-cleveland,USS Huntington,Built,Converted,1941-12-17,1943-01-17,,1943-02-01
cl-cleveland,USS Dayton,Built,Converted,1941-12-29,1943-02-28,,1943-03-01
cl-cleveland,USS Wilmington,Built,Converted,1942-03-13,1943-04-04,,1943-05-01
cl-cleveland,USS Biloxi,Built,,1941-07-09,1943-02-23,1943-08-21,1961-09-01
cl-cleveland,USS Houston,Built,,1941-08-04,1943-06-19,1943-12-20,1959-03-01
cl-cleveland,USS Providence,Built,Converted,1943-07-27,1944-12-28,1945-05-15,1957-05-01
cl-cleveland,USS Manchester,Built,,1944-09-25,1946-03-05,1946-10-29,1960-04-01
cl-cleveland,USS Fargo,Built,Converted,1942-04-11,1943-05-22,,1943-06-01
cl-cleveland,USS Vicksburg,Built,,1942-10-26,1943-12-14,1944-06-12,1962-10-01
cl-cleveland,USS Duluth,Built,,1942-11-09,1944-01-13,1944-09-18,1960-10-01
cl-cleveland,USS Miami,Built,,1941-08-02,1942-08-12,1943-12-28,1961-09-01
cl-cleveland,USS Astoria,Built,,1941-09-06,1943-03-06,1944-05-17,1969-11-01
cl-cleveland,USS Oklahoma City,Built,Converted,1942-03-08,1944-02-20,1944-12-22,1957-05-01
cl-cleveland,USS Little Rock,Built,Converted,1943-03-06,1944-08-27,1945-06-17,1957-05-01
cl-cleveland,USS Galveston,Built,Converted,1944-02-20,1945-04-22,,1945-06-01
cl-cleveland,USS Youngstown,Cancelled,Scrapped,1944-09-04,,,1945-08-12
cl-cleveland,USS Buffalo,Built,Converted,1942-08-31,1943-08-01,,1943-09-01
cl-cleveland,USS Newark,Built,Converted,1942-10-26,1943-09-26,,1943-10-01
cl-cleveland,USS Amsterdam,Built,,1943-03-03,1944-04-25,1945-01-08,1971-01-01
cl-cleveland,USS Portsmouth,Built,,1943-06-28,1944-09-20,1945-06-25,1970-12-01
cl-cleveland,USS Wilkes-Barre,Built,,1942-12-14,1943-12-24,1944-07-01,1971-01-01
cl-cleveland,USS Atlanta,Built,,1943-01-25,1944-02-06,1944-12-03,1962-10-01
cl-cleveland,USS Dayton,Built,,1943-03-08,1944-03-19,1945-01-07,1961-09-01
ca-baltimore,USS Baltimore,Built,,1941-05-26,1942-07-28,1943-04-15,1971-02-01
ca-baltimore,USS Boston,Built,Converted,1941-06-30,1942-08-26,1943-06-30,1952-01-01
ca-baltimore,USS Canberra,Built,Converted,1941-09-03,1943-04-19,1943-10-14,1952-01-01
ca-baltimore,USS Quincy,Built,,1941-10-09,1943-06-23,1943-12-15,1973-10-01
ca-baltimore,USS Pittsburgh,Built,,1943-02-03,1944-02-22,1944-10-10,1973-07-01
ca-baltimore,USS St. Paul,Built,,1943-02-03,1944-09-16,1945-02-17,1978-07-01
ca-baltimore,USS Columbus,Built,Converted,1943-06-28,1944-11-30,1945-06-08,1945-09-01
ca-baltimore,USS Helena,Built,,1943-09-09,1945-04-28,1945-09-04,1974-01-01
ca-baltimore,USS Bremerton,Built,,1943-02-01,1944-07-02,1945-04-29,1973-10-01
ca-baltimore,USS Fall River,Built,,1943-04-12,1944-08-13,1945-07-01,1971-02-01
ca-baltimore,USS Macon,Built,,1943-06-14,1944-10-15,1945-08-26,1969-11-01
ca-baltimore,USS Toledo,Built,,1943-09-13,1945-05-06,1946-10-27,1974-01-01
ca-baltimore,USS Los Angeles,Built,,1943-07-28,1944-08-20,1945-07-22,1974-01-01
ca-baltimore,USS Chicago,Built,Converted,1943-07-28,1944-08-20,1945-01-10,1958-11-01
cl-fargo,USS Fargo,Built,,1943-08-23,1945-03-25,1945-12-09,1970-03-01
cl-fargo,USS Huntington,Built,,1943-10-04,1945-04-08,1946-02-23,1961-09-01
cl-fargo,USS Newark,Cancelled,Scrapped,1944-01-17,1945-12-14,,1945-08-12
cl-fargo,USS New Haven,Cancelled,Scrapped,1944-02-28,,,1945-08-12
cl-fargo,USS Buffalo,Cancelled,Scrapped,1944-04-03,,,1945-08-12
cl-fargo,USS Wilmington,Cancelled,Scrapped,1945-03-05,,,1945-08-12
cl-fargo,USS Tallahassee,Cancelled,Scrapped,1944-01-31,,,1945-08-12
cl-fargo,USS Cheyenne,Cancelled,Scrapped,1944-05-29,,,1945-08-12
cl-fargo,USS Chattanooga,Cancelled,Scrapped,1944-10-09,,,1945-08-12
ca-oregon-city,USS Oregon City,Built,Scrapped,1944-04-08,1945-06-09,1946-02-16,1970-11-01
ca-oregon-city,USS Albany,Built,Converted,1944-03-06,1945-06-30,1946-06-15,1958-11-01
ca-oregon-city,USS Rochester,Built,Scrapped,1944-05-29,1945-08-28,1946-12-20,1973-10-01
ca-oregon-city,USS Northampton,Built,Converted,1944-08-31,,,1945-08-11
ca-oregon-city,USS Kansas City,Cancelled,Scrapped,1945-07-09,,,1945-08-12
ca-oregon-city,USS Norfolk,Cancelled,Scrapped,1944-12-27,,,1945-08-12
ca-oregon-city,USS Scranton,Cancelled,Scrapped,1944-12-27,,,1945-08-12
cl-juneau,USS Juneau,Built,Scrapped,1944-09-15,1945-07-15,1946-02-15,1959-11-01
cl-juneau,USS Spokane,Built,Converted,1944-11-15,1945-09-22,1946-05-17,1966-04-01
cl-juneau,USS Fresno,Built,Scrapped,1945-02-12,1946-03-05,1946-11-27,1965-04-01
cl-worcester,USS Worcester,Built,Scrapped,1945-01-29,1947-02-04,1948-06-25,1970-12-01
cl-worcester,USS Roanoke,Built,Scrapped,1945-05-15,1947-06-16,1949-04-04,1970-12-01
cl-worcester,USS Vallejo,Cancelled,Scrapped,1945-07-16,,,1945-08-12
ca-des-moines,USS Des Moines,Built,Scrapped,1945-05-28,1946-09-27,1948-11-17,1991-07-01
ca-des-moines,USS Salem,Built,Museum,1945-06-04,1947-03-25,1949-05-09,1991-07-01
ca-des-moines,USS Dallas,Cancelled,Scrapped,1945-12-01,,,1946-06-01
ca-des-moines,USS Newport News,Built,Scrapped,1945-10-01,1947-03-06,1949-01-29,1978-07-01
pc-cincinnati,USS Cincinnati,Built,Scrapped,1890-01-29,1892-11-10,1894-06-16,1921-08-01
pc-cincinnati,USS Raleigh,Built,Scrapped,1889-12-19,1892-03-31,1894-04-17,1921-08-01
pc-columbia,USS Columbia,Built,Scrapped,1890-12-30,1892-07-26,1894-04-23,1922-01-01
pc-columbia,USS Minneapolis,Built,Scrapped,1891-12-16,1893-08-12,1894-12-13,1921-08-01